{
    "C12/15": {
        "fck": 12,
        "fck_cube": 15,
        "fcm": 20,
        "fctm": 1.57,
        "alpha_b": 5.3,
        "mu_a500": 0.0974,
        "mu_a400": 0.114
    },
    "C16/20": {
        "fck": 16,
        "fck_cube": 20,
        "fcm": 24,
        "fctm": 1.9,
        "alpha_b": 7.04,
        "mu_a500": 0.1188,
        "mu_a400": 0.1372
    },
    "C20/25": {
        "fck": 20,
        "fck_cube": 25,
        "fcm": 28,
        "fctm": 2.21,
        "alpha_b": 8.7,
        "mu_a500": 0.1363,
        "mu_a400": 0.1555
    },
    "C25/30": {
        "fck": 25,
        "fck_cube": 30,
        "fcm": 33,
        "fctm": 2.56,
        "alpha_b": 10.37,
        "mu_a500": 0.1513,
        "mu_a400": 0.1709
    },
    "C30/37": {
        "fck": 30,
        "fck_cube": 37,
        "fcm": 38,
        "fctm": 2.9,
        "alpha_b": 12.96,
        "mu_a500": 0.1709,
        "mu_a400": 0.1904
    },
    "C35/45": {
        "fck": 35,
        "fck_cube": 45,
        "fcm": 43,
        "fctm": 3.21,
        "alpha_b": 15.56,
        "mu_a500": 0.1868,
        "mu_a400": 0.206
    },
    "C40/50": {
        "fck": 40,
        "fck_cube": 50,
        "fcm": 48,
        "fctm": 3.51,
        "alpha_b": 17.59,
        "mu_a500": 0.1975,
        "mu_a400": 0.2161
    },
    "C45/55": {
        "fck": 45,
        "fck_cube": 55,
        "fcm": 53,
        "fctm": 3.8,
        "alpha_b": 19.41,
        "mu_a500": 0.2058,
        "mu_a400": 0.224
    },
    "C50/60": {
        "fck": 50,
        "fck_cube": 60,
        "fcm": 58,
        "fctm": 4.07,
        "alpha_b": 21.15,
        "mu_a500": 0.213,
        "mu_a400": 0.2306
    },
    "C60/75": {
        "fck": 60,
        "fck_cube": 75,
        "fcm": 68,
        "fctm": 4.354742315,
        "alpha_b": 26.44,
        "mu_a500": 0.2307,
        "mu_a400": 0.2468
    },
    "C90/105": {
        "fck": 90,
        "fck_cube": 105,
        "fcm": 98,
        "fctm": 5.044637804,
        "alpha_b": 37.04,
        "mu_a500": 0.2544,
        "mu_a400": 0.2679
    }
}